term,estimate,std.error,statistic,p.value
Intercept,183922,4431,41.51,2.0099999999999995e-83
Percent without High School (ratio),-309721,25995,-11.91,2.2699999999999997e-23
